/* Add categories */
INSERT INTO category(id, name)
VALUES
(1, 'Fire alarm'),
(2, 'Lost & Found'),
(3, 'Theft'),
(4, 'Unwanted visitor'),
(5, 'Drunk guest'),
(6, 'Smoked in room'),
(7, 'Emergency light broken'),
(8, 'Battery change door lock'),
(9, 'Elevator broken'),
(10, 'Safe reset');

/* Add locations */
INSERT INTO location(id, name)
VALUES
    (1, 'Lobby'),
    (2, 'Reception'),
    (3, 'Grand Cafe'),
    (4, 'Tailor Bar'),
    (5, 'Wintergarden'),
    (6, 'The White Room'),
    (7, 'Court Wing'),
    (8, 'Polman Wing'),
    (9, 'Central Krass Wing');

INSERT INTO job(id, name)
VALUES
(1, 'Security Manager'),
(2, 'Team Leader'),
(3, 'Security Guard');


/* Add reports */
INSERT INTO report(id, report_date)
VALUES
    (1, '2022-03-15'),
    (2, '2022-03-16'),
    (3, '2022-03-17'),
    (4, '2022-04-02'),
    (5, '2022-04-03'),
    (6, '2022-04-22'),
    (7, '2022-04-23'),
    (8, '2022-04-24'),
    (9, '2022-05-01');



INSERT INTO users(id, username, firstname, lastname, password, role, enabled, job_id)
VALUES
    (1, 'Ike', 'Ike', 'Grobben', '$2a$12$sxL/FAPcdpOJWhycFug/Zu8ZSqKvus9B0Nvp2lNgocUUj/5xtx7Oq', 'ADMIN', 1, 1),
    (2, 'Sam', 'Sam', 'Barnhoorn', '$2a$12$c6H3DopaQN8HRtGQ8DJU5eVwdtez4HnBUzGJTCHZZiMMsDSVI2kYe', 'ADMIN', 1, 2),
    (3, 'Johan', 'Johan', 'van Oosten', '$2a$12$TDHg0AIXKXQFQjliurOE6uFi742LVjVXttPgDCGEpJFdwnZ9.SfuW', 'ADMIN', 1, 2),
    (4, 'Nova', 'Nova', 'Eeken', '$2a$12$bIXrztIKJ1QE7eT5xohhC.pV5bvVdGdLcFjAFgsqfYslzSPQwkITW', 'USER', 1, 3),
    (5, 'Robertjan', 'Robert-jan', 'Elias', '$2a$12$0jHdoH0KWKlkGFZ6O783YekAzLoRsr5CVv1e1GhRDpAhretnd2rx.', 'USER', 1, 3),
    (6, 'Keanu', 'Keanu', 'Grobben', '$2a$12$Ud1gGeho69G38u6i0NjjReJvzRfL/o24mY1eyhA759sksS51/i2i.', 'ADMIN', 0, 2);

/* Add report items */
/* Need to add locations, Users & Images */

INSERT INTO reportitem(id, status, content, report_item_date_time, category_id, location_id, report_id, users_id)
VALUES
    (1, 'Closed', 'Phasellus rhoncus lacus ac sem fringilla, sit amet porttitor lectus tristique. Cras fermentum dignissim condimentum. Phasellus accumsan eros et gravida euismod. Integer in massa ac lacus commodo tincidunt a eu risus. Integer vulputate eros nec eros dictum, id varius dolor mattis. Sed ac congue purus.', '2022-03-15 12:38', 7, 7, 1, 5),
    (2, 'Closed', 'Sed molestie sem eget malesuada iaculis. Fusce vehicula odio ac eleifend hendrerit. Etiam accumsan eu elit eu convallis. Nulla dolor elit, condimentum non varius nec, cursus ac velit. Etiam dignissim sollicitudin justo. Nullam a mollis erat, vitae blandit felis. Integer sed mauris elementum, commodo odio ut, viverra quam.', '2022-03-15 12:52', 5, 4, 1, 2),
    (3, 'Closed', 'Curabitur nec iaculis turpis. Integer condimentum leo nec sodales sodales. Ut rutrum augue ut nulla rutrum, id congue magna porttitor.', '2022-03-15 14:23', 2, 7, 1, 2),
    (4, 'Open', 'Quisque porttitor id nulla euismod viverra. Fusce ut vestibulum mauris, ac tristique nisi. Maecenas rhoncus, nisi sed convallis pharetra, lacus turpis suscipit urna, id sodales lectus quam in dui. Suspendisse vitae tortor eleifend, auctor ex vel, pulvinar est.', '2022-03-15 16:40', 7, 3, 1, 5),
    (5, 'Closed', 'Vivamus ligula leo, interdum ac dolor vel, porttitor suscipit ipsum. Aenean efficitur velit tincidunt, dignissim est at, laoreet elit. Donec accumsan sem magna, id porttitor neque sodales at. Praesent aliquet, ipsum nec fringilla pretium, tortor nulla elementum mi, in rhoncus nisl enim vel libero.', '2022-03-16 09:12', 5, 1, 2, 1),
    (6, 'Closed', 'Sed ac congue purus. Vivamus sagittis fermentum magna vel molestie. Praesent sodales rutrum tortor nec blandit. Sed molestie sem eget malesuada iaculis. Fusce vehicula odio ac eleifend hendrerit. Etiam accumsan eu elit eu convallis. Nulla dolor elit, condimentum non varius nec, cursus ac velit. Etiam dignissim sollicitudin justo.', '2022-03-16 09:23', 6, 6, 2,1 ),
    (7, 'Closed', 'Sed et nibh ac arcu vulputate tempor eget ac tellus. Maecenas velit mi, volutpat at eros nec, venenatis pellentesque velit. Duis in sem feugiat, euismod nunc et, gravida enim. Etiam sollicitudin sodales pretium. Maecenas sed eros commodo, elementum sem rhoncus, sodales leo. Fusce quis risus eu nisl fringilla lacinia non a eros. Suspendisse eu scelerisque eros. Etiam nec felis elit. Integer venenatis massa ac facilisis elementum. Sed pharetra porta dui, non mattis sapien aliquet vitae. Vivamus non sollicitudin enim.
Aenean venenatis tempor leo, vitae interdum magna volutpat at. Nulla mi erat, ullamcorper quis leo nec, dapibus ultrices ligula. Curabitur vehicula id ex quis gravida. Fusce odio ipsum, mollis iaculis neque sit amet, posuere rutrum felis. Aenean tincidunt ut leo ac sagittis. Nunc felis orci, lobortis et eros vitae, porttitor iaculis lorem. Maecenas quis diam egestas, tristique mauris ac, ultrices mi. Nam posuere orci erat, nec blandit quam iaculis id. Nulla posuere orci quis tempus bibendum. Pellentesque mattis est lectus, aliquet vehicula erat porttitor dictum.', '2022-03-16 11:44', 3, 8, 2,6 ),
    (8, 'Closed', 'Class aptent taciti sociosqu ad litora torquent per conubia nostra, per inceptos himenaeos. Class aptent taciti sociosqu ad litora torquent per conubia nostra, per inceptos himenaeos. Morbi fringilla sagittis consectetur. Aliquam tempus turpis quis dolor ultrices auctor vitae eget justo. Vestibulum ante ipsum primis in faucibus orci luctus et ultrices posuere cubilia curae; Suspendisse sed metus tempus, consectetur ligula in, vulputate justo. Sed viverra leo ut felis elementum lacinia. Morbi aliquet leo non magna rhoncus ultricies.', '2022-03-16 18:36', 4, 9, 2,5 ),
    (9, 'Open', 'Curabitur condimentum lacus non leo molestie malesuada. Ut ac condimentum ipsum, at laoreet sem. Praesent vel arcu tempor dui imperdiet tincidunt ac sit amet magna. Curabitur sodales eros nec tortor tempus, vulputate lobortis velit pulvinar. Ut finibus tempor iaculis. Pellentesque interdum convallis urna, vitae molestie dolor rhoncus eget. Mauris vestibulum consequat magna vel mattis. In sit amet sapien efficitur, cursus dui in, suscipit felis. Vivamus faucibus, risus eget rhoncus euismod, orci risus condimentum nulla, non blandit elit mauris in sem. Integer in dapibus dolor, vitae scelerisque quam. Suspendisse et dui elementum, dictum dolor at, fermentum nisl. ', '2022-03-17 05:22', 10, 6, 3,4 ),
    (10, 'Closed', 'Nunc tempor justo nibh, pretium tincidunt enim condimentum at. Aliquam aliquet tortor a justo consectetur venenatis. Nunc id sapien sed mauris dignissim imperdiet. Sed eu ligula mi. Vestibulum ante ipsum primis in faucibus orci luctus et ultrices posuere cubilia curae; Proin fringilla urna id turpis facilisis, in suscipit augue gravida. Vestibulum sagittis elit id urna pellentesque iaculis. Curabitur quis sapien eget orci consectetur sagittis. Donec molestie erat eu felis egestas, nec placerat lorem venenatis. Vestibulum ante ipsum primis in faucibus orci luctus et ultrices posuere cubilia curae; Ut enim eros, finibus eget tellus ultrices, consequat dignissim diam. Suspendisse potenti. Vestibulum efficitur tincidunt dolor a suscipit. Etiam ipsum nisi, euismod quis sollicitudin vitae, suscipit at ipsum. Nulla bibendum justo ut diam lobortis, id gravida justo aliquet.
Nunc in augue commodo, viverra quam vel, congue nunc. Donec porttitor nec lectus vel porta. Donec laoreet at nulla posuere rhoncus. Integer at vestibulum justo. Cras felis justo, porta non quam non, tincidunt euismod magna. Praesent eget gravida diam, sit amet efficitur dolor. Nunc imperdiet, nunc id tincidunt congue, nisl magna pharetra felis, quis varius mi massa eu tortor. Nullam non purus dolor. Nulla feugiat eros sit amet ex rutrum commodo. Nunc id scelerisque est. Vestibulum a euismod elit, eget aliquet nisl. Aenean finibus et magna eu bibendum. Nunc placerat ante mi, quis pretium nulla semper nec. Aenean sodales non velit dapibus viverra.', '2022-03-17 07:57', 8, 2, 3,4 ),
    (11, 'Closed', 'Curabitur condimentum lacus non leo molestie malesuada. Ut ac condimentum ipsum, at laoreet sem. Praesent vel arcu tempor dui imperdiet tincidunt ac sit amet magna. Curabitur sodales eros nec tortor tempus, vulputate lobortis velit pulvinar. Ut finibus tempor iaculis. Pellentesque interdum convallis urna, vitae molestie dolor rhoncus eget. Mauris vestibulum consequat magna vel mattis. In sit amet sapien efficitur, cursus dui in, suscipit felis. Vivamus faucibus, risus eget rhoncus euismod, orci risus condimentum nulla, non blandit elit mauris in sem. Integer in dapibus dolor, vitae scelerisque quam. Suspendisse et dui elementum, dictum dolor at, fermentum nisl. ', '2022-04-02 12:20', 7, 5, 4,1 ),
    (12, 'Closed', 'Phasellus convallis nibh nibh, sit amet tincidunt tortor dignissim at. Suspendisse condimentum lorem posuere turpis euismod viverra. Fusce tempus elit sed orci ultricies pretium eleifend at nisi. Etiam consequat eros sed aliquam efficitur. Vivamus rutrum porttitor magna, in ornare sem tincidunt sed. Morbi rhoncus, diam vitae mattis tincidunt, nulla risus finibus justo, ac blandit augue felis sed nibh. Nullam cursus lorem eu lacus blandit porttitor. Aliquam dignissim, magna vel faucibus tincidunt, metus nisl vehicula libero, sit amet aliquam lorem dui tincidunt eros. Ut venenatis tempor urna. Vestibulum vitae arcu non eros aliquet tempus. Mauris volutpat viverra mauris, vitae cursus dui.', '2022-04-02 13:53', 10, 2, 4,4 ),
    (13, 'Closed', 'Quisque ac fringilla elit, vel feugiat dolor. Pellentesque erat odio, imperdiet et mi eget, pharetra tristique mi. Praesent nec tortor placerat, dapibus urna in, condimentum libero. Ut ac neque porta, varius neque et, bibendum nisi. Nunc sodales porttitor tincidunt. Aliquam convallis sit amet mauris sed volutpat. Nullam et magna a sapien tristique placerat. Vestibulum eu mi placerat, condimentum velit in, ullamcorper ante. Sed facilisis odio mauris, sit amet commodo massa varius id. In a tincidunt velit, vel commodo tellus. Mauris vitae sem vel elit egestas vulputate vel vestibulum diam. Donec facilisis fermentum arcu, nec porta metus luctus a.', '2022-04-02 16:39', 5, 3, 4,2 ),
    (14, 'Closed', 'Quisque ac fringilla elit, vel feugiat dolor. Pellentesque erat odio, imperdiet et mi eget, pharetra tristique mi. Praesent nec tortor placerat, dapibus urna in, condimentum libero. Ut ac neque porta, varius neque et, bibendum nisi. Nunc sodales porttitor tincidunt. Aliquam convallis sit amet mauris sed volutpat. Nullam et magna a sapien tristique placerat. Vestibulum eu mi placerat, condimentum velit in, ullamcorper ante. Sed facilisis odio mauris, sit amet commodo massa varius id. In a tincidunt velit, vel commodo tellus. Mauris vitae sem vel elit egestas vulputate vel vestibulum diam. Donec facilisis fermentum arcu, nec porta metus luctus a.', '2022-04-02 21:10', 5, 2, 4,2 ),
    (15, 'Closed', 'Phasellus rhoncus lacus ac sem fringilla, sit amet porttitor lectus tristique. Cras fermentum dignissim condimentum. Phasellus accumsan eros et gravida euismod. Integer in massa ac lacus commodo tincidunt a eu risus. Integer vulputate eros nec eros dictum, id varius dolor mattis. Sed ac congue purus.', '2022-04-03 11:03', 5, 7, 5, 5),
    (16, 'Closed', 'Sed molestie sem eget malesuada iaculis. Fusce vehicula odio ac eleifend hendrerit. Etiam accumsan eu elit eu convallis. Nulla dolor elit, condimentum non varius nec, cursus ac velit. Etiam dignissim sollicitudin justo. Nullam a mollis erat, vitae blandit felis. Integer sed mauris elementum, commodo odio ut, viverra quam.', '2022-04-03 12:45', 2, 4, 5, 2),
    (17, 'Open', 'Curabitur nec iaculis turpis. Integer condimentum leo nec sodales sodales. Ut rutrum augue ut nulla rutrum, id congue magna porttitor.', '2022-04-03 22:50', 2, 9, 5, 2),
    (18, 'Open', 'Quisque porttitor id nulla euismod viverra. Fusce ut vestibulum mauris, ac tristique nisi. Maecenas rhoncus, nisi sed convallis pharetra, lacus turpis suscipit urna, id sodales lectus quam in dui. Suspendisse vitae tortor eleifend, auctor ex vel, pulvinar est.', '2022-04-03 23:11', 3, 3, 5, 5),
    (19, 'Open', 'Vivamus ligula leo, interdum ac dolor vel, porttitor suscipit ipsum. Aenean efficitur velit tincidunt, dignissim est at, laoreet elit. Donec accumsan sem magna, id porttitor neque sodales at. Praesent aliquet, ipsum nec fringilla pretium, tortor nulla elementum mi, in rhoncus nisl enim vel libero.', '2022-04-22 09:13', 5, 1, 6, 1),
    (20, 'Closed', 'Sed ac congue purus. Vivamus sagittis fermentum magna vel molestie. Praesent sodales rutrum tortor nec blandit. Sed molestie sem eget malesuada iaculis. Fusce vehicula odio ac eleifend hendrerit. Etiam accumsan eu elit eu convallis. Nulla dolor elit, condimentum non varius nec, cursus ac velit. Etiam dignissim sollicitudin justo.', '2022-04-22 10:10', 6, 6, 6,1 ),
    (21, 'Closed', 'Sed et nibh ac arcu vulputate tempor eget ac tellus. Maecenas velit mi, volutpat at eros nec, venenatis pellentesque velit. Duis in sem feugiat, euismod nunc et, gravida enim. Etiam sollicitudin sodales pretium. Maecenas sed eros commodo, elementum sem rhoncus, sodales leo. Fusce quis risus eu nisl fringilla lacinia non a eros. Suspendisse eu scelerisque eros. Etiam nec felis elit. Integer venenatis massa ac facilisis elementum. Sed pharetra porta dui, non mattis sapien aliquet vitae. Vivamus non sollicitudin enim.
Aenean venenatis tempor leo, vitae interdum magna volutpat at. Nulla mi erat, ullamcorper quis leo nec, dapibus ultrices ligula. Curabitur vehicula id ex quis gravida. Fusce odio ipsum, mollis iaculis neque sit amet, posuere rutrum felis. Aenean tincidunt ut leo ac sagittis. Nunc felis orci, lobortis et eros vitae, porttitor iaculis lorem. Maecenas quis diam egestas, tristique mauris ac, ultrices mi. Nam posuere orci erat, nec blandit quam iaculis id. Nulla posuere orci quis tempus bibendum. Pellentesque mattis est lectus, aliquet vehicula erat porttitor dictum.', '2022-04-22 11:50', 3, 8, 6,6 ),
    (22, 'Closed', 'Class aptent taciti sociosqu ad litora torquent per conubia nostra, per inceptos himenaeos. Class aptent taciti sociosqu ad litora torquent per conubia nostra, per inceptos himenaeos. Morbi fringilla sagittis consectetur. Aliquam tempus turpis quis dolor ultrices auctor vitae eget justo. Vestibulum ante ipsum primis in faucibus orci luctus et ultrices posuere cubilia curae; Suspendisse sed metus tempus, consectetur ligula in, vulputate justo. Sed viverra leo ut felis elementum lacinia. Morbi aliquet leo non magna rhoncus ultricies.', '2022-04-22 13:13', 4, 9, 6,5 ),
    (23, 'Open', 'Curabitur condimentum lacus non leo molestie malesuada. Ut ac condimentum ipsum, at laoreet sem. Praesent vel arcu tempor dui imperdiet tincidunt ac sit amet magna. Curabitur sodales eros nec tortor tempus, vulputate lobortis velit pulvinar. Ut finibus tempor iaculis. Pellentesque interdum convallis urna, vitae molestie dolor rhoncus eget. Mauris vestibulum consequat magna vel mattis. In sit amet sapien efficitur, cursus dui in, suscipit felis. Vivamus faucibus, risus eget rhoncus euismod, orci risus condimentum nulla, non blandit elit mauris in sem. Integer in dapibus dolor, vitae scelerisque quam. Suspendisse et dui elementum, dictum dolor at, fermentum nisl. ', '2022-04-22 16:22', 10, 6, 6,4 ),
    (24, 'Open', 'Nunc tempor justo nibh, pretium tincidunt enim condimentum at. Aliquam aliquet tortor a justo consectetur venenatis. Nunc id sapien sed mauris dignissim imperdiet. Sed eu ligula mi. Vestibulum ante ipsum primis in faucibus orci luctus et ultrices posuere cubilia curae; Proin fringilla urna id turpis facilisis, in suscipit augue gravida. Vestibulum sagittis elit id urna pellentesque iaculis. Curabitur quis sapien eget orci consectetur sagittis. Donec molestie erat eu felis egestas, nec placerat lorem venenatis. Vestibulum ante ipsum primis in faucibus orci luctus et ultrices posuere cubilia curae; Ut enim eros, finibus eget tellus ultrices, consequat dignissim diam. Suspendisse potenti. Vestibulum efficitur tincidunt dolor a suscipit. Etiam ipsum nisi, euismod quis sollicitudin vitae, suscipit at ipsum. Nulla bibendum justo ut diam lobortis, id gravida justo aliquet.
Nunc in augue commodo, viverra quam vel, congue nunc. Donec porttitor nec lectus vel porta. Donec laoreet at nulla posuere rhoncus. Integer at vestibulum justo. Cras felis justo, porta non quam non, tincidunt euismod magna. Praesent eget gravida diam, sit amet efficitur dolor. Nunc imperdiet, nunc id tincidunt congue, nisl magna pharetra felis, quis varius mi massa eu tortor. Nullam non purus dolor. Nulla feugiat eros sit amet ex rutrum commodo. Nunc id scelerisque est. Vestibulum a euismod elit, eget aliquet nisl. Aenean finibus et magna eu bibendum. Nunc placerat ante mi, quis pretium nulla semper nec. Aenean sodales non velit dapibus viverra.', '2022-04-23 08:22', 8, 2, 7,4 ),
    (25, 'Closed', 'Curabitur condimentum lacus non leo molestie malesuada. Ut ac condimentum ipsum, at laoreet sem. Praesent vel arcu tempor dui imperdiet tincidunt ac sit amet magna. Curabitur sodales eros nec tortor tempus, vulputate lobortis velit pulvinar. Ut finibus tempor iaculis. Pellentesque interdum convallis urna, vitae molestie dolor rhoncus eget. Mauris vestibulum consequat magna vel mattis. In sit amet sapien efficitur, cursus dui in, suscipit felis. Vivamus faucibus, risus eget rhoncus euismod, orci risus condimentum nulla, non blandit elit mauris in sem. Integer in dapibus dolor, vitae scelerisque quam. Suspendisse et dui elementum, dictum dolor at, fermentum nisl. ', '2022-04-23 12:05', 7, 5, 7,1 ),
    (26, 'Open', 'Quisque ac fringilla elit, vel feugiat dolor. Pellentesque erat odio, imperdiet et mi eget, pharetra tristique mi. Praesent nec tortor placerat, dapibus urna in, condimentum libero. Ut ac neque porta, varius neque et, bibendum nisi. Nunc sodales porttitor tincidunt. Aliquam convallis sit amet mauris sed volutpat. Nullam et magna a sapien tristique placerat. Vestibulum eu mi placerat, condimentum velit in, ullamcorper ante. Sed facilisis odio mauris, sit amet commodo massa varius id. In a tincidunt velit, vel commodo tellus. Mauris vitae sem vel elit egestas vulputate vel vestibulum diam. Donec facilisis fermentum arcu, nec porta metus luctus a.', '2022-04-23 14:27', 5, 3, 7,2 ),
    (27, 'Closed', 'Quisque ac fringilla elit, vel feugiat dolor. Pellentesque erat odio, imperdiet et mi eget, pharetra tristique mi. Praesent nec tortor placerat, dapibus urna in, condimentum libero. Ut ac neque porta, varius neque et, bibendum nisi. Nunc sodales porttitor tincidunt. Aliquam convallis sit amet mauris sed volutpat. Nullam et magna a sapien tristique placerat. Vestibulum eu mi placerat, condimentum velit in, ullamcorper ante. Sed facilisis odio mauris, sit amet commodo massa varius id. In a tincidunt velit, vel commodo tellus. Mauris vitae sem vel elit egestas vulputate vel vestibulum diam. Donec facilisis fermentum arcu, nec porta metus luctus a.', '2022-04-23 15:16', 6, 2, 7,2 ),
    (28, 'Closed', 'Phasellus rhoncus lacus ac sem fringilla, sit amet porttitor lectus tristique. Cras fermentum dignissim condimentum. Phasellus accumsan eros et gravida euismod. Integer in massa ac lacus commodo tincidunt a eu risus. Integer vulputate eros nec eros dictum, id varius dolor mattis. Sed ac congue purus.', '2022-04-23 18:20', 4, 7, 7, 5),
    (29, 'Open', 'Sed molestie sem eget malesuada iaculis. Fusce vehicula odio ac eleifend hendrerit. Etiam accumsan eu elit eu convallis. Nulla dolor elit, condimentum non varius nec, cursus ac velit. Etiam dignissim sollicitudin justo. Nullam a mollis erat, vitae blandit felis. Integer sed mauris elementum, commodo odio ut, viverra quam.', '2022-04-23 18:45', 3, 4,7, 2),
    (30, 'Closed', 'Curabitur nec iaculis turpis. Integer condimentum leo nec sodales sodales. Ut rutrum augue ut nulla rutrum, id congue magna porttitor.', '2022-04-23 19:40', 9, 9, 7, 2),
    (31, 'Closed', 'Quisque porttitor id nulla euismod viverra. Fusce ut vestibulum mauris, ac tristique nisi. Maecenas rhoncus, nisi sed convallis pharetra, lacus turpis suscipit urna, id sodales lectus quam in dui. Suspendisse vitae tortor eleifend, auctor ex vel, pulvinar est.', '2022-04-23 22:00', 3, 3, 7, 5),
    (32, 'Closed', 'Vivamus ligula leo, interdum ac dolor vel, porttitor suscipit ipsum. Aenean efficitur velit tincidunt, dignissim est at, laoreet elit. Donec accumsan sem magna, id porttitor neque sodales at. Praesent aliquet, ipsum nec fringilla pretium, tortor nulla elementum mi, in rhoncus nisl enim vel libero.', '2022-04-24 12:50', 5, 1, 8, 1),
    (33, 'Open', 'Sed ac congue purus. Vivamus sagittis fermentum magna vel molestie. Praesent sodales rutrum tortor nec blandit. Sed molestie sem eget malesuada iaculis. Fusce vehicula odio ac eleifend hendrerit. Etiam accumsan eu elit eu convallis. Nulla dolor elit, condimentum non varius nec, cursus ac velit. Etiam dignissim sollicitudin justo.', '2022-04-24 19:44', 6, 6, 8,1 ),
    (34, 'Closed', 'Sed et nibh ac arcu vulputate tempor eget ac tellus. Maecenas velit mi, volutpat at eros nec, venenatis pellentesque velit. Duis in sem feugiat, euismod nunc et, gravida enim. Etiam sollicitudin sodales pretium. Maecenas sed eros commodo, elementum sem rhoncus, sodales leo. Fusce quis risus eu nisl fringilla lacinia non a eros. Suspendisse eu scelerisque eros. Etiam nec felis elit. Integer venenatis massa ac facilisis elementum. Sed pharetra porta dui, non mattis sapien aliquet vitae. Vivamus non sollicitudin enim.
Aenean venenatis tempor leo, vitae interdum magna volutpat at. Nulla mi erat, ullamcorper quis leo nec, dapibus ultrices ligula. Curabitur vehicula id ex quis gravida. Fusce odio ipsum, mollis iaculis neque sit amet, posuere rutrum felis. Aenean tincidunt ut leo ac sagittis. Nunc felis orci, lobortis et eros vitae, porttitor iaculis lorem. Maecenas quis diam egestas, tristique mauris ac, ultrices mi. Nam posuere orci erat, nec blandit quam iaculis id. Nulla posuere orci quis tempus bibendum. Pellentesque mattis est lectus, aliquet vehicula erat porttitor dictum.', '2022-04-24 20:16', 3, 8, 8,6 ),
    (35, 'Closed', 'Class aptent taciti sociosqu ad litora torquent per conubia nostra, per inceptos himenaeos. Class aptent taciti sociosqu ad litora torquent per conubia nostra, per inceptos himenaeos. Morbi fringilla sagittis consectetur. Aliquam tempus turpis quis dolor ultrices auctor vitae eget justo. Vestibulum ante ipsum primis in faucibus orci luctus et ultrices posuere cubilia curae; Suspendisse sed metus tempus, consectetur ligula in, vulputate justo. Sed viverra leo ut felis elementum lacinia. Morbi aliquet leo non magna rhoncus ultricies.', '2022-04-24 23:30', 4, 9, 8,5 ),
    (36, 'Closed', 'Curabitur condimentum lacus non leo molestie malesuada. Ut ac condimentum ipsum, at laoreet sem. Praesent vel arcu tempor dui imperdiet tincidunt ac sit amet magna. Curabitur sodales eros nec tortor tempus, vulputate lobortis velit pulvinar. Ut finibus tempor iaculis. Pellentesque interdum convallis urna, vitae molestie dolor rhoncus eget. Mauris vestibulum consequat magna vel mattis. In sit amet sapien efficitur, cursus dui in, suscipit felis. Vivamus faucibus, risus eget rhoncus euismod, orci risus condimentum nulla, non blandit elit mauris in sem. Integer in dapibus dolor, vitae scelerisque quam. Suspendisse et dui elementum, dictum dolor at, fermentum nisl. ', '2022-04-24 23:44', 10, 6, 8,4 ),
    (37, 'Closed', 'Nunc tempor justo nibh, pretium tincidunt enim condimentum at. Aliquam aliquet tortor a justo consectetur venenatis. Nunc id sapien sed mauris dignissim imperdiet. Sed eu ligula mi. Vestibulum ante ipsum primis in faucibus orci luctus et ultrices posuere cubilia curae; Proin fringilla urna id turpis facilisis, in suscipit augue gravida. Vestibulum sagittis elit id urna pellentesque iaculis. Curabitur quis sapien eget orci consectetur sagittis. Donec molestie erat eu felis egestas, nec placerat lorem venenatis. Vestibulum ante ipsum primis in faucibus orci luctus et ultrices posuere cubilia curae; Ut enim eros, finibus eget tellus ultrices, consequat dignissim diam. Suspendisse potenti. Vestibulum efficitur tincidunt dolor a suscipit. Etiam ipsum nisi, euismod quis sollicitudin vitae, suscipit at ipsum. Nulla bibendum justo ut diam lobortis, id gravida justo aliquet.
Nunc in augue commodo, viverra quam vel, congue nunc. Donec porttitor nec lectus vel porta. Donec laoreet at nulla posuere rhoncus. Integer at vestibulum justo. Cras felis justo, porta non quam non, tincidunt euismod magna. Praesent eget gravida diam, sit amet efficitur dolor. Nunc imperdiet, nunc id tincidunt congue, nisl magna pharetra felis, quis varius mi massa eu tortor. Nullam non purus dolor. Nulla feugiat eros sit amet ex rutrum commodo. Nunc id scelerisque est. Vestibulum a euismod elit, eget aliquet nisl. Aenean finibus et magna eu bibendum. Nunc placerat ante mi, quis pretium nulla semper nec. Aenean sodales non velit dapibus viverra.', '2022-05-01 06:33', 8, 2, 9,4 ),
    (38, 'Open', 'Curabitur condimentum lacus non leo molestie malesuada. Ut ac condimentum ipsum, at laoreet sem. Praesent vel arcu tempor dui imperdiet tincidunt ac sit amet magna. Curabitur sodales eros nec tortor tempus, vulputate lobortis velit pulvinar. Ut finibus tempor iaculis. Pellentesque interdum convallis urna, vitae molestie dolor rhoncus eget. Mauris vestibulum consequat magna vel mattis. In sit amet sapien efficitur, cursus dui in, suscipit felis. Vivamus faucibus, risus eget rhoncus euismod, orci risus condimentum nulla, non blandit elit mauris in sem. Integer in dapibus dolor, vitae scelerisque quam. Suspendisse et dui elementum, dictum dolor at, fermentum nisl. ', '2022-05-01 10:09', 7, 5, 9,1 );

